<?xml version="1.0" encoding="UTF-8"?>
<project-private xmlns="http://www.netbeans.org/ns/project-private/1">
    <editor-bookmarks xmlns="http://www.netbeans.org/ns/editor-bookmarks/2" lastBookmarkId="0"/>
    <open-files xmlns="http://www.netbeans.org/ns/projectui-open-files/2">
        <group>
            <file>file:/D:/Andrés%20Miranda%20Arias/Documents/II%20-%2019/Compiladores%20E%20Interpretes/Proyectos/III%20Proyecto%20-%20Generacion%20de%20Codigo/Triangle_Java_IDE_LL_Pérez____Navarro___Fallas/ide-triangle-v1.1.src/src/Triangle/CodeGenerator/Encoder.java</file>
            <file>file:/D:/Andrés%20Miranda%20Arias/Documents/II%20-%2019/Compiladores%20E%20Interpretes/Proyectos/III%20Proyecto%20-%20Generacion%20de%20Codigo/Triangle_Java_IDE_LL_Pérez____Navarro___Fallas/ide-triangle-v1.1.src/src/GUI/Main.java</file>
            <file>file:/D:/Andrés%20Miranda%20Arias/Documents/II%20-%2019/Compiladores%20E%20Interpretes/Proyectos/III%20Proyecto%20-%20Generacion%20de%20Codigo/Triangle_Java_IDE_LL_Pérez____Navarro___Fallas/ide-triangle-v1.1.src/src/Triangle/AbstractSyntaxTrees/IntegerExpression.java</file>
        </group>
    </open-files>
</project-private>
